Scale,Region_Name,Season_Name,Metrics,Sens_Slope,P_Value,Change_Point_Year,Change_Point_pvalue,lm_slope,Sens_Slope_pre,P_Value_pre,Sens_Slope_post,P_Value_post,Trend_Decadal,Trend_Decadal_lm,Trend_Decadal_pre,Trend_Decadal_post
All,None,None,Number_MHW_days,1.16984824,6.87E-08,2001,6.55E-05,1.473572858,0.138821355,0.58125476,2.887405094,1.26E-04,11.6984824,14.73572858,1.388213549,28.87405094
All,None,None,Nevents,0.074394561,4.65E-08,2001,4.52E-05,0.072440935,0.02111227,0.144292055,0.099390408,0.002794388,0.743945613,0.724409355,0.2111227,0.993904081
All,None,None,Mean_Intensity,0.008755603,2.45E-07,1996,2.55E-05,0.008792561,-7.98E-04,0.7665253,0.007869741,0.006273132,0.087556028,0.087925608,-0.007984432,0.078697412
All,None,None,Maximum_Intensity,0.015352239,1.91E-07,2004,25,0.014657579,0.008420101,0.11305102,0.016292965,0.033909076,0.153522385,0.146575785,0.08420101,0.162929647
All,None,None,Cumulative_Intensity,1.972093969,2.62E-09,2001,5.12E-05,2.260177663,0.554568067,0.085514806,4.054707068,4.57E-05,19.72093969,22.60177663,5.545680675,40.54707068
Season,None,Summer,Number_MHW_days,0.315007736,1.39E-08,2002,6.16E-05,0.343534147,0.084633895,0.065473358,0.617718101,6.58E-04,3.150077361,3.435341468,0.846338952,6.177181006
Season,None,Summer,Nevents,0.020291405,2.09E-08,2001,5.12E-05,0.01946706,0.007314733,0.074352905,0.027946101,0.001869082,0.202914049,0.194670605,0.073147335,0.279461011
Season,None,Summer,Mean_Intensity,0.011242273,3.74E-06,2003,6.55E-05,0.010400793,0.004108635,0.429795272,0.009892116,0.107542829,0.112422732,0.104007926,0.041086347,0.098921157
Season,None,Summer,Maximum_Intensity,0.019476486,1.89E-06,2003,7.41E-05,0.0181395,0.004426802,0.498564387,0.025293026,0.020940934,0.194764859,0.181394997,0.044268017,0.252930261
Season,None,Summer,Cumulative_Intensity,0.703374064,5.31E-09,2002,4.81E-05,0.722096942,0.170416904,0.085210083,1.37918432,1.13E-04,7.033740642,7.220969418,1.704169039,13.7918432
Season,None,Autumn,Number_MHW_days,0.371479506,4.01E-09,2001,1.25E-05,0.449313625,0.062996616,0.229969078,0.89129692,2.58E-04,3.71479506,4.493136254,0.629966155,8.9129692
Season,None,Autumn,Nevents,0.022375036,1.83E-08,2000,4.24E-05,0.021459581,0.005222876,0.29391717,0.033521307,3.07E-04,0.223750359,0.214595813,0.05222876,0.335213069
Season,None,Autumn,Mean_Intensity,0.008344056,5.22E-06,2005,8.37E-05,0.007917315,0.004928184,0.096533829,0.001220254,0.836819705,0.083440565,0.079173154,0.049281842,0.012202543
Season,None,Autumn,Maximum_Intensity,0.015242369,4.02E-07,2004,5.45E-05,0.014378175,0.007020594,0.139144175,0.015151717,0.040815848,0.152423687,0.143781755,0.070205938,0.151517167
Season,None,Autumn,Cumulative_Intensity,0.590127993,9.55E-10,2002,1.33E-05,0.713108528,0.164612299,0.037197694,1.368147119,4.06E-04,5.901279928,7.13108528,1.646122992,13.68147119
Season,None,Winter,Number_MHW_days,0.265594785,1.91E-07,2004,2.90E-05,0.388080275,0.052543278,0.342,0.948820238,0.0040,2.656,3.880802752,0.525,9.488
Season,None,Winter,Nevents,0.019169455,4.54E-07,2001,5.12E-05,0.018083305,0.002175656,0.626,0.024767539,0.0041,0.192,0.180833047,0.022,0.248
Season,None,Winter,Mean_Intensity,0.008480642,6.87E-08,1996,1.02E-05,0.008883543,0.002261141,0.621,0.006874186,0.0136,0.085,0.088835432,0.023,0.069
Season,None,Winter,Maximum_Intensity,0.013499542,5.30E-08,1996,1.17E-05,0.013573002,9.74E-04,0.843,0.012415344,0.0063,0.135,0.135730017,0.010,0.124
Season,None,Winter,Cumulative_Intensity,0.348240574,6.10E-09,1996,1.97E-05,0.445294806,-0.090181454,0.428,0.584644801,0.0000,3.482,4.452948061,-0.902,5.846
Season,None,Spring,Number_MHW_days,0.227549776,2.16E-07,2001,9.45E-05,0.29264481,0.024008692,0.381,0.588969933,0.0015,2.275,2.926448102,0.240,5.890
Season,None,Spring,Nevents,0.014793863,3.14E-07,1996,6.97E-05,0.013430989,-0.005963873,0.235,0.017302796,0.0008,0.148,0.134309891,-0.060,0.173
Season,None,Spring,Mean_Intensity,0.008154738,5.12E-07,2006,2.55E-05,0.00809667,0.004525587,0.088,0.003703448,0.3444,0.082,0.080966702,0.045,0.037
Season,None,Spring,Maximum_Intensity,0.013049412,8.29E-07,2006,3.74E-05,0.012507162,0.008250796,0.107,0.007684569,0.3004,0.130,0.125071616,0.083,0.077
Season,None,Spring,Cumulative_Intensity,0.320535955,2.09E-08,1996,6.97E-05,0.379677387,-0.050766904,0.767,0.491464415,0.0001,3.205,3.796773874,-0.508,4.915
Region,Arctic,None,Number_MHW_days,1.69038832,4.54E-07,2002,8.93E-06,2.041443973,-0.131188727,0.740,4.094350248,0.0026,16.904,20.41443973,-1.312,40.944
Region,Arctic,None,Nevents,0.069024383,1.54E-05,2001,3.51E-05,0.064568892,-0.003519109,0.974,0.04898233,0.1742,0.690,0.64568892,-0.035,0.490
Region,Arctic,None,Mean_Intensity,0.020043798,5.12E-07,2006,8.89E-05,0.019044686,0.013253789,0.010,4.35E-04,0.9641,0.200,0.190446861,0.133,0.004
Region,Arctic,None,Maximum_Intensity,0.032924306,4.02E-07,2006,8.89E-05,0.031232932,0.017859377,0.010,0.007787149,0.8219,0.329,0.312329317,0.179,0.078
Region,Arctic,None,Cumulative_Intensity,2.754928852,2.27E-09,2002,5.19E-06,3.320928046,0.50121912,0.050,5.777759907,0.0039,27.549,33.20928046,5.012,57.778
Region,Temperate Northern Atlantic,None,Number_MHW_days,1.889392203,3.93E-10,2001,4.84E-06,1.963994958,0.841226602,0.025,2.435141583,0.0010,18.894,19.63994958,8.412,24.351
Region,Temperate Northern Atlantic,None,Nevents,0.134230356,9.55E-10,2001,8.35E-06,0.125459959,0.077085721,0.021,0.134465327,0.0019,1.342,1.25459959,0.771,1.345
Region,Temperate Northern Atlantic,None,Mean_Intensity,8.91E-06,0.99070403,1994,0.524154562,-8.50E-04,0.004640122,0.669,0.004527871,0.0553,0.000,-0.008499302,0.046,0.045
Region,Temperate Northern Atlantic,None,Maximum_Intensity,0.007624911,0.006181537,2005,0.002805647,0.006204499,-0.008284046,0.097,0.013636019,0.0435,0.076,0.062044986,-0.083,0.136
Region,Temperate Northern Atlantic,None,Cumulative_Intensity,3.451943563,2.92E-10,2001,8.35E-06,3.636329077,1.357725698,0.010,4.814911474,0.0008,34.519,36.36329077,13.577,48.149
Region,Temperate Northern Pacific,None,Number_MHW_days,1.316062341,5.22E-06,2002,5.62E-04,1.662815779,0.622393303,0.110,3.110013157,0.0644,13.161,16.62815779,6.224,31.100
Region,Temperate Northern Pacific,None,Nevents,0.090273139,5.84E-06,2002,0.001187424,0.089839865,0.059085076,0.085,0.14200285,0.0410,0.903,0.898398649,0.591,1.420
Region,Temperate Northern Pacific,None,Mean_Intensity,0.007845606,1.68E-04,1997,5.94E-04,0.007568866,-1.77E-04,1.000,0.003291129,0.3153,0.078,0.075688661,-0.002,0.033
Region,Temperate Northern Pacific,None,Maximum_Intensity,0.017771947,2.12E-06,1997,2.16E-04,0.016378571,4.49E-04,1.000,0.016016324,0.0125,0.178,0.16378571,0.004,0.160
Region,Temperate Northern Pacific,None,Cumulative_Intensity,2.672010469,6.53E-07,2002,3.61E-04,3.313712629,1.347375961,0.057,6.687748553,0.0179,26.720,33.13712629,13.474,66.877
Region,Tropical Atlantic,None,Number_MHW_days,1.334217486,8.90E-08,2001,8.35E-06,2.193838699,0.192571089,0.417,3.795366509,0.0103,13.342,21.93838699,1.926,37.954
Region,Tropical Atlantic,None,Nevents,0.119210284,4.54E-07,2001,2.10E-05,0.134175868,0.02842138,0.315,0.16379907,0.0497,1.192,1.341758678,0.284,1.638
Region,Tropical Atlantic,None,Mean_Intensity,-0.003258656,1.84E-04,2002,1.81E-04,-0.003541533,8.19E-05,0.976,-0.001984186,0.4957,-0.033,-0.035415325,0.001,-0.020
Region,Tropical Atlantic,None,Maximum_Intensity,-0.001830669,0.357347194,2002,0.72961596,-0.001823517,7.66E-04,0.880,0.001192244,0.7212,-0.018,-0.01823517,0.008,0.012
Region,Tropical Atlantic,None,Cumulative_Intensity,1.500431365,1.91E-07,2001,2.10E-05,2.482254243,0.309397428,0.417,3.896270272,0.0103,15.004,24.82254243,3.094,38.963
Region,Eastern Indo-Pacific,None,Number_MHW_days,1.235859827,5.84E-06,2001,1.92E-04,1.670219405,0.130788465,0.673,2.996046285,0.0275,12.359,16.70219405,1.308,29.960
Region,Eastern Indo-Pacific,None,Nevents,0.082125524,5.28E-05,2001,3.82E-04,0.078400587,0.027553203,0.626,0.068110657,0.2389,0.821,0.784005866,0.276,0.681
Region,Eastern Indo-Pacific,None,Mean_Intensity,-0.001759423,0.063951978,2002,0.176057562,-0.001775438,7.09E-04,0.695,-0.002305731,0.3468,-0.018,-0.017754379,0.007,-0.023
Region,Eastern Indo-Pacific,None,Maximum_Intensity,-9.63E-05,0.99070403,1995,0.772256766,-3.25E-04,-0.021040729,0.037,-0.003423713,0.3590,-0.001,-0.003253613,-0.210,-0.034
Region,Eastern Indo-Pacific,None,Cumulative_Intensity,1.514263114,1.25E-05,2001,5.32E-04,2.011371531,0.352564685,0.315,3.054183631,0.0748,15.143,20.11371531,3.526,30.542
Region,Central Indo-Pacific,None,Number_MHW_days,1.245984375,2.78E-07,1997,3.51E-05,1.74996852,-0.155958937,0.753,1.858385784,0.0035,12.460,17.4996852,-1.560,18.584
Region,Central Indo-Pacific,None,Nevents,0.103980346,1.50E-06,1997,7.41E-05,0.115222924,-0.025989645,0.685,0.119335341,0.0095,1.040,1.152229242,-0.260,1.193
Region,Central Indo-Pacific,None,Mean_Intensity,-0.002377261,5.28E-05,2002,6.27E-04,-0.002258933,-9.29E-04,0.566,-0.002150031,0.1119,-0.024,-0.022589333,-0.009,-0.022
Region,Central Indo-Pacific,None,Maximum_Intensity,-4.85E-05,0.99070403,1984,1,-2.54E-04,-0.027615769,1.000,8.47E-04,0.4507,0.000,-0.002536786,-0.276,0.008
Region,Central Indo-Pacific,None,Cumulative_Intensity,1.597730861,7.36E-07,1997,3.99E-05,2.165823971,-0.218486374,0.620,2.266684345,0.0072,15.977,21.65823971,-2.185,22.667
Region,Western Indo-Pacific,None,Number_MHW_days,1.352872483,1.89E-06,2004,1.44E-04,1.736013358,0.33584098,0.369,3.548008407,0.0100,13.529,17.36013358,3.358,35.480
Region,Western Indo-Pacific,None,Nevents,0.109674373,1.25E-05,2004,5.62E-04,0.106361405,0.042642035,0.342,0.18081872,0.0408,1.097,1.063614053,0.426,1.808
Region,Western Indo-Pacific,None,Mean_Intensity,-0.001481208,0.016919054,2006,0.021168586,-0.001593986,2.26E-04,0.907,-2.12E-04,1.0000,-0.015,-0.015939861,0.002,-0.002
Region,Western Indo-Pacific,None,Maximum_Intensity,0.001085384,0.521648149,1995,0.953413594,5.72E-04,-0.009557165,0.125,5.54E-04,0.9005,0.011,0.005718358,-0.096,0.006
Region,Western Indo-Pacific,None,Cumulative_Intensity,1.658106616,2.66E-06,2004,1.81E-04,2.155317336,0.436869575,0.398,4.407939986,0.0124,16.581,21.55317336,4.369,44.079
Region,Tropical Eastern Pacific,None,Number_MHW_days,0.656873532,0.008174287,2005,0.068661947,0.863930187,0.123166908,0.785,2.39776718,0.1275,6.569,8.639301865,1.232,23.978
Region,Tropical Eastern Pacific,None,Nevents,0.062017649,0.007628452,2001,0.051540395,0.05934224,-0.012155259,0.820,0.127141368,0.1235,0.620,0.593422398,-0.122,1.271
Region,Tropical Eastern Pacific,None,Mean_Intensity,-0.00175593,0.40811042,2016,0.701862717,-0.002809706,0.001111202,0.532,-0.036626635,0.0085,-0.018,-0.028097065,0.011,-0.366
Region,Tropical Eastern Pacific,None,Maximum_Intensity,-7.40E-04,0.753082136,2017,1,-0.005390706,0.002594023,0.438,-0.052054944,0.2207,-0.007,-0.053907064,0.026,-0.521
Region,Tropical Eastern Pacific,None,Cumulative_Intensity,0.904022831,0.015875547,2005,0.103284553,0.741220472,0.133265378,0.862,2.926534532,0.1740,9.040,7.412204715,1.333,29.265
Region,Temperate South America,None,Number_MHW_days,0.547116508,0.013076818,2003,0.142253372,0.549674848,0.025643402,0.910,1.663468965,0.0931,5.471,5.496748478,0.256,16.635
Region,Temperate South America,None,Nevents,0.024017769,0.091142799,2003,0.406361811,0.023638723,-0.001151967,0.910,0.041956314,0.3630,0.240,0.236387228,-0.012,0.420
Region,Temperate South America,None,Mean_Intensity,0.004725097,0.018022282,2006,0.015185229,0.004086875,9.04E-04,0.761,-0.008331461,0.2604,0.047,0.040868749,0.009,-0.083
Region,Temperate South America,None,Maximum_Intensity,0.009129432,0.002968184,2006,0.001981753,0.008527127,0.001732061,0.761,-0.007536479,0.4440,0.091,0.085271269,0.017,-0.075
Region,Temperate South America,None,Cumulative_Intensity,1.073284656,0.011462469,2003,0.125431039,0.815740208,-0.071601438,0.910,2.614317074,0.0358,10.733,8.157402085,-0.716,26.143
Region,Temperate Southern Africa,None,Number_MHW_days,0.877818017,1.89E-06,1998,3.22E-04,0.918991152,0.035290832,0.837,1.192778423,0.0043,8.778,9.189911518,0.353,11.928
Region,Temperate Southern Africa,None,Nevents,0.066693408,1.01E-05,1998,1.61E-04,0.061541932,-0.007488027,0.773,0.06498166,0.0309,0.667,0.615419324,-0.075,0.650
Region,Temperate Southern Africa,None,Mean_Intensity,0.005194696,9.76E-04,2005,0.013366235,0.004773617,0.004675239,0.385,0.005016145,0.2661,0.052,0.047736171,0.047,0.050
Region,Temperate Southern Africa,None,Maximum_Intensity,0.011340497,1.71E-05,2006,4.04E-04,0.010044443,0.006120949,0.338,0.009271277,0.1151,0.113,0.100444431,0.061,0.093
Region,Temperate Southern Africa,None,Cumulative_Intensity,1.645952298,5.12E-07,1998,1.81E-04,1.716818599,0.314550143,0.592,2.275966228,0.0032,16.460,17.16818599,3.146,22.760
Region,Temperate Australasia,None,Number_MHW_days,1.394006718,1.12E-05,1997,8.37E-05,1.485910439,-0.292553598,0.499,1.617929489,0.0585,13.940,14.85910439,-2.926,16.179
Region,Temperate Australasia,None,Nevents,0.091444573,1.01E-05,1997,6.55E-05,0.085627017,-0.027163914,0.558,0.069192223,0.0721,0.914,0.856270166,-0.272,0.692
Region,Temperate Australasia,None,Mean_Intensity,0.001166413,0.258412876,2008,0.031541332,0.001128542,-0.004264632,0.024,3.56E-04,0.9128,0.012,0.011285419,-0.043,0.004
Region,Temperate Australasia,None,Maximum_Intensity,0.006338977,0.011462469,2007,8.21E-04,0.006571175,-0.005481563,0.123,0.002388131,0.6922,0.063,0.065711746,-0.055,0.024
Region,Temperate Australasia,None,Cumulative_Intensity,2.095636761,6.51E-06,1997,5.79E-05,2.338997073,-0.546512883,0.444,2.535014387,0.0422,20.956,23.38997073,-5.465,25.350
Region,Southern Ocean,None,Number_MHW_days,-0.467193357,1.15E-04,2006,3.22E-04,-0.454283294,-0.095638901,0.414,0.040914639,1.0000,-4.672,-4.542832935,-0.956,0.409
Region,Southern Ocean,None,Nevents,-0.048216599,7.27E-06,2006,4.81E-05,-0.049703438,-0.011344805,0.338,-0.029062596,0.4995,-0.482,-0.497034378,-0.113,-0.291
Region,Southern Ocean,None,Mean_Intensity,0.010410057,2.88E-05,2005,4.84E-06,0.011427147,-0.004271568,0.056,0.025316697,0.0015,0.104,0.114271466,-0.043,0.253
Region,Southern Ocean,None,Maximum_Intensity,0.013894607,5.83E-05,2005,1.09E-05,0.015177196,-0.006591643,0.040,0.034124211,0.0008,0.139,0.151771962,-0.066,0.341
Region,Southern Ocean,None,Cumulative_Intensity,-0.059068682,0.491823743,1993,0.490076252,0.006236978,0.717012965,0.244,0.061311705,0.7215,-0.591,0.062369785,7.170,0.613
Region x Season,Arctic,Summer,Number_MHW_days,0.400362988,1.58E-07,2002,3.09E-05,0.470820369,0.138236904,0.156,0.630657741,0.0252,4.004,4.708203688,1.382,6.307
Region x Season,Arctic,Summer,Nevents,0.019099981,1.62E-05,2002,6.55E-05,0.019355115,0.0102579,0.239,0.005706945,0.8203,0.191,0.193551149,0.103,0.057
Region x Season,Arctic,Summer,Mean_Intensity,0.035874819,4.54E-05,2006,4.52E-05,0.040812051,8.27E-05,0.981,0.026755629,0.3444,0.359,0.408120511,0.001,0.268
Region x Season,Arctic,Summer,Maximum_Intensity,0.055462636,9.04E-05,2006,5.12E-05,0.064372885,-4.18E-04,0.907,0.046331071,0.4440,0.555,0.643728852,-0.004,0.463
Region x Season,Arctic,Summer,Cumulative_Intensity,1.197520344,1.22E-07,2002,2.72E-05,1.58001747,0.232639291,0.194,2.80774684,0.0150,11.975,15.8001747,2.326,28.077
Region x Season,Arctic,Autumn,Number_MHW_days,0.489472436,4.65E-08,2000,1.73E-05,0.605675716,0.020104565,0.780,0.927995472,0.0006,4.895,6.056757162,0.201,9.280
Region x Season,Arctic,Autumn,Nevents,0.024755505,6.04E-08,2000,23,0.025123751,0.006668855,0.294,0.027828184,0.0095,0.248,0.251237509,0.067,0.278
Region x Season,Arctic,Autumn,Mean_Intensity,0.019108801,1.15E-04,2002,3.22E-04,0.017188061,0.008678894,0.566,0.01061106,0.5376,0.191,0.171880608,0.087,0.106
Region x Season,Arctic,Autumn,Maximum_Intensity,0.035133744,1.89E-06,2002,2.90E-05,0.034050284,0.006609474,0.381,0.041381241,0.1273,0.351,0.340502838,0.066,0.414
Region x Season,Arctic,Autumn,Cumulative_Intensity,0.800123353,7.02E-09,2002,3.94E-06,1.177068007,0.176214921,0.065,1.635413081,0.0150,8.001,11.77068007,1.762,16.354
Region x Season,Arctic,Winter,Number_MHW_days,0.377824919,5.83E-05,2004,1.00E-04,0.641810894,-0.047253813,0.635,1.315735101,0.0489,3.778,6.418108937,-0.473,13.157
Region x Season,Arctic,Winter,Nevents,0.017855099,7.59E-04,2000,2.04E-04,0.016988477,-0.01881297,0.080,0.016614564,0.2147,0.179,0.169884768,-0.188,0.166
Region x Season,Arctic,Winter,Mean_Intensity,0.008588433,7.36E-07,1998,3.74E-05,0.009480825,0.011511949,0.004,0.002002719,0.5352,0.086,0.094808246,0.115,0.020
Region x Season,Arctic,Winter,Maximum_Intensity,0.014399017,1.91E-07,1998,1.02E-05,0.014871148,0.013985915,0.019,0.003959164,0.3334,0.144,0.148711475,0.140,0.040
Region x Season,Arctic,Winter,Cumulative_Intensity,0.383470993,6.10E-09,2000,2.25E-06,0.420647517,-0.017446651,0.675,0.606224945,0.0000,3.835,4.20647517,-0.174,6.062
Region x Season,Arctic,Spring,Number_MHW_days,0.256713649,0.005962604,2002,0.003093543,0.429453124,-0.125698104,0.037,0.67496935,0.0855,2.567,4.294531236,-1.257,6.750
Region x Season,Arctic,Spring,Nevents,0.005965468,0.118442464,2002,0.014555598,0.008568349,-0.008692761,0.139,-0.013880954,0.2843,0.060,0.085683488,-0.087,-0.139
Region x Season,Arctic,Spring,Mean_Intensity,0.005541868,0.032038025,1989,10,0.007140568,0.011530253,0.536,2.82E-04,0.9876,0.055,0.071405681,0.115,0.003
Region x Season,Arctic,Spring,Maximum_Intensity,0.009440415,0.006867055,1989,0.022959638,0.010871836,0.015762532,0.711,0.002478067,0.5664,0.094,0.108718361,0.158,0.025
Region x Season,Arctic,Spring,Cumulative_Intensity,0.245774804,7.80E-07,2002,5.12E-05,0.335710494,0.030098155,0.216,0.370150189,0.0556,2.458,3.357104936,0.301,3.702
Region x Season,Temperate Northern Atlantic,Summer,Number_MHW_days,0.485959135,1.71E-08,2001,5.19E-06,0.49823592,0.178037812,0.086,0.484648803,0.0275,4.860,4.982359203,1.780,4.846
Region x Season,Temperate Northern Atlantic,Summer,Nevents,0.034829028,1.95E-08,2001,5.19E-06,0.035797718,0.014344679,0.064,0.031927955,0.0431,0.348,0.357977179,0.143,0.319
Region x Season,Temperate Northern Atlantic,Summer,Mean_Intensity,0.006195602,0.00845565,2001,0.007544441,0.006193463,-0.0037988,0.581,0.001535604,0.6506,0.062,0.061934632,-0.038,0.015
Region x Season,Temperate Northern Atlantic,Summer,Maximum_Intensity,0.019618866,5.54E-05,2001,7.88E-05,0.018735487,-0.002967323,0.770,0.014259043,0.1941,0.196,0.187354867,-0.030,0.143
Region x Season,Temperate Northern Atlantic,Summer,Cumulative_Intensity,1.065209339,2.55E-08,2001,5.95E-06,1.105299287,0.431165694,0.086,1.128157035,0.0372,10.652,11.05299287,4.312,11.282
Region x Season,Temperate Northern Atlantic,Autumn,Number_MHW_days,0.573498367,6.14E-10,1998,3.94E-06,0.664852463,0.174599718,0.108,0.928809296,0.0012,5.735,6.648524627,1.746,9.288
Region x Season,Temperate Northern Atlantic,Autumn,Nevents,0.034224376,2.62E-09,1998,3.43E-06,0.034275648,0.008202116,0.266,0.037147384,0.0019,0.342,0.342756482,0.082,0.371
Region x Season,Temperate Northern Atlantic,Autumn,Mean_Intensity,7.88E-04,0.552376505,2011,0.406361811,5.88E-04,-0.002138799,0.254,-0.002050458,0.7555,0.008,0.005883335,-0.021,-0.021
Region x Season,Temperate Northern Atlantic,Autumn,Maximum_Intensity,0.007134803,0.005359425,2009,0.004986609,0.007120149,-0.001241065,0.737,0.013435394,0.4277,0.071,0.071201487,-0.012,0.134
Region x Season,Temperate Northern Atlantic,Autumn,Cumulative_Intensity,0.978021321,4.57E-10,1998,3.94E-06,1.193657587,0.241122294,0.149,1.727326108,0.0006,9.780,11.93657587,2.411,17.273
Region x Season,Temperate Northern Atlantic,Winter,Number_MHW_days,0.457828804,7.12E-10,2001,22,0.496554882,0.184671144,0.018,0.681397684,0.0023,4.578,4.965548818,1.847,6.814
Region x Season,Temperate Northern Atlantic,Winter,Nevents,0.034238674,1.48E-09,2001,4.22E-06,0.033466912,0.015091367,0.018,0.034189708,0.0103,0.342,0.334669115,0.151,0.342
Region x Season,Temperate Northern Atlantic,Winter,Mean_Intensity,-0.0011563,0.649547898,1993,0.269747902,-0.002990137,0.011409417,0.732,0.004335655,0.1709,-0.012,-0.029901366,0.114,0.043
Region x Season,Temperate Northern Atlantic,Winter,Maximum_Intensity,0.004504235,0.204097893,2009,0.084490083,0.002566699,-0.006744983,0.072,0.020363655,0.1272,0.045,0.025666994,-0.067,0.204
Region x Season,Temperate Northern Atlantic,Winter,Cumulative_Intensity,0.706465571,5.30E-10,2004,8.93E-06,0.820850834,0.309049381,0.002,1.322038273,0.0153,7.065,8.208508339,3.090,13.220
Region x Season,Temperate Northern Atlantic,Spring,Number_MHW_days,0.385833293,4.34E-08,2001,4.24E-05,0.401689282,0.197055549,0.098,0.529589952,0.0072,3.858,4.016892822,1.971,5.296
Region x Season,Temperate Northern Atlantic,Spring,Nevents,0.029021408,2.23E-08,1997,2.55E-05,0.02972578,0.006357438,0.499,0.024790885,0.0019,0.290,0.297257795,0.064,0.248
Region x Season,Temperate Northern Atlantic,Spring,Mean_Intensity,-0.002477185,0.31631607,1994,0.160860351,-0.004298043,0.002652872,0.951,0.004033399,0.2133,-0.025,-0.042980433,0.027,0.040
Region x Season,Temperate Northern Atlantic,Spring,Maximum_Intensity,0.003177935,0.375866139,2006,0.096666636,0.003514505,-0.019265015,0.023,0.003671117,0.9641,0.032,0.035145051,-0.193,0.037
Region x Season,Temperate Northern Atlantic,Spring,Cumulative_Intensity,0.649275641,3.81E-08,1998,5.79E-05,0.709582295,0.126457997,0.303,0.913432404,0.0027,6.493,7.095822951,1.265,9.134
Region x Season,Temperate Northern Pacific,Summer,Number_MHW_days,0.483666895,2.51E-06,2003,6.27E-04,0.574659249,0.208810433,0.048,0.921780192,0.0931,4.837,5.746592487,2.088,9.218
Region x Season,Temperate Northern Pacific,Summer,Nevents,0.035234967,3.15E-06,2003,6.99E-04,0.035581974,0.022017246,0.063,0.041242578,0.0802,0.352,0.355819737,0.220,0.412
Region x Season,Temperate Northern Pacific,Summer,Mean_Intensity,0.006697921,0.00165524,2005,8.66E-04,0.007660644,-0.001657939,0.637,0.00386823,0.5923,0.067,0.076606442,-0.017,0.039
Region x Season,Temperate Northern Pacific,Summer,Maximum_Intensity,0.020499323,1.31E-05,2003,2.25E-05,0.022249812,-0.006773696,0.573,0.027921649,0.0358,0.205,0.222498124,-0.068,0.279
Region x Season,Temperate Northern Pacific,Summer,Cumulative_Intensity,1.124664373,1.25E-06,2003,4.04E-04,1.378632896,0.431822613,0.055,2.378922578,0.0501,11.247,13.78632896,4.318,23.789
Region x Season,Temperate Northern Pacific,Autumn,Number_MHW_days,0.42232617,9.34E-07,2002,2.04E-04,0.543774188,0.116058034,0.319,1.043463362,0.0039,4.223,5.437741881,1.161,10.435
Region x Season,Temperate Northern Pacific,Autumn,Nevents,0.025639914,3.77E-07,2002,1.52E-04,0.025359396,0.010872561,0.239,0.03939924,0.0026,0.256,0.253593959,0.109,0.394
Region x Season,Temperate Northern Pacific,Autumn,Mean_Intensity,0.00418892,0.016919054,2005,0.014555598,0.004909323,-0.001555717,0.785,-1.05E-04,1.0000,0.042,0.049093229,-0.016,-0.001
Region x Season,Temperate Northern Pacific,Autumn,Maximum_Intensity,0.012685557,0.001355162,2005,0.002302679,0.012459962,-4.11E-04,0.941,0.014301,0.3870,0.127,0.124599616,-0.004,0.143
Region x Season,Temperate Northern Pacific,Autumn,Cumulative_Intensity,0.762675744,1.68E-07,2002,7.88E-05,1.050468184,0.213013727,0.216,2.092096004,0.0026,7.627,10.50468184,2.130,20.921
Region x Season,Temperate Northern Pacific,Winter,Number_MHW_days,0.221037406,2.66E-04,1994,0.007544441,0.310920898,-0.080070126,0.502,0.259940274,0.0505,2.210,3.10920898,-0.801,2.599
Region x Season,Temperate Northern Pacific,Winter,Nevents,0.016133022,1.26E-04,1994,0.00432947,0.01797686,-0.00598362,0.502,0.01655246,0.0460,0.161,0.179768595,-0.060,0.166
Region x Season,Temperate Northern Pacific,Winter,Mean_Intensity,0.004914385,0.005359425,1997,0.004986609,0.004575696,0.006041279,0.260,-0.001630143,0.5283,0.049,0.045756955,0.060,-0.016
Region x Season,Temperate Northern Pacific,Winter,Maximum_Intensity,0.009875567,7.10E-05,1996,0.001981753,0.008980852,0.01151651,0.138,0.005336671,0.2901,0.099,0.089808519,0.115,0.053
Region x Season,Temperate Northern Pacific,Winter,Cumulative_Intensity,0.338608714,4.78E-05,1994,0.001981753,0.508736413,-0.076316122,0.583,0.393177395,0.0313,3.386,5.08736413,-0.763,3.932
Region x Season,Temperate Northern Pacific,Spring,Number_MHW_days,0.208302141,0.001528084,2013,0.024884015,0.33654221,0.041823089,0.292,-1.148417621,0.7545,2.083,3.365422104,0.418,-11.484
Region x Season,Temperate Northern Pacific,Spring,Nevents,0.01479339,0.001104298,2013,0.026949958,0.018359119,0.004990988,0.263,0.007085807,0.9170,0.148,0.183591192,0.050,0.071
Region x Season,Temperate Northern Pacific,Spring,Mean_Intensity,0.00745749,0.00308075,1997,0.001069459,0.008663328,0.001511542,0.893,-0.001981255,0.6238,0.075,0.086633277,0.015,-0.020
Region x Season,Temperate Northern Pacific,Spring,Maximum_Intensity,0.016091041,1.10E-04,1997,5.04E-04,0.017390001,0.007252621,0.499,0.005468198,0.4982,0.161,0.173900005,0.073,0.055
Region x Season,Temperate Northern Pacific,Spring,Cumulative_Intensity,0.388063153,6.13E-04,1994,0.015839199,0.58940068,0.152138576,0.760,0.465214674,0.1186,3.881,5.8940068,1.521,4.652
Region x Season,Tropical Atlantic,Summer,Number_MHW_days,0.225683145,2.88E-05,2002,5.62E-04,0.406938354,0.057495278,0.415,0.559836009,0.1119,2.257,4.069383539,0.575,5.598
Region x Season,Tropical Atlantic,Summer,Nevents,0.020605281,2.21E-04,1997,0.003093543,0.028785519,-0.001002899,0.964,0.025994241,0.1543,0.206,0.287855186,-0.010,0.260
Region x Season,Tropical Atlantic,Summer,Mean_Intensity,-0.003112571,0.010723676,1996,17,-0.003129204,-0.002897101,0.692,-0.00172462,0.4275,-0.031,-0.031292036,-0.029,-0.017
Region x Season,Tropical Atlantic,Summer,Maximum_Intensity,-7.31E-04,0.700619648,1984,0.876069252,-0.001192177,0.042667799,0.296,7.04E-04,0.8015,-0.007,-0.011921768,0.427,0.007
Region x Season,Tropical Atlantic,Summer,Cumulative_Intensity,0.272143876,2.11E-05,2002,6.99E-04,0.486157359,0.065335297,0.349,0.722786675,0.0744,2.721,4.861573589,0.653,7.228
Region x Season,Tropical Atlantic,Autumn,Number_MHW_days,0.46100007,1.60E-08,2001,2.78E-06,0.643019479,0.06294973,0.256,0.99942042,0.0103,4.610,6.430194794,0.629,9.994
Region x Season,Tropical Atlantic,Autumn,Nevents,0.038402835,6.04E-08,2001,6.37E-06,0.039496325,0.007700481,0.206,0.039756705,0.0320,0.384,0.394963247,0.077,0.398
Region x Season,Tropical Atlantic,Autumn,Mean_Intensity,-0.002285788,0.032995395,2002,0.034085081,-0.003083527,0.00215215,0.450,-0.001266756,0.5813,-0.023,-0.030835274,0.022,-0.013
Region x Season,Tropical Atlantic,Autumn,Maximum_Intensity,3.47E-04,0.806710622,1994,1,-6.36E-04,-0.012290799,0.360,-0.00114865,0.5144,0.003,-0.006358044,-0.123,-0.011
Region x Season,Tropical Atlantic,Autumn,Cumulative_Intensity,0.518805771,4.07E-08,2001,4.84E-06,0.714790795,0.065193973,0.381,1.026105486,0.0086,5.188,7.147907955,0.652,10.261
Region x Season,Tropical Atlantic,Winter,Number_MHW_days,0.444044272,1.83E-08,2001,1.09E-05,0.651728744,0.044845626,0.538,1.32799827,0.0003,4.440,6.517287438,0.448,13.280
Region x Season,Tropical Atlantic,Winter,Nevents,0.036545239,1.01E-07,2001,2.10E-05,0.03820412,0.00389599,0.538,0.071097576,0.0019,0.365,0.382041202,0.039,0.711
Region x Season,Tropical Atlantic,Winter,Mean_Intensity,-0.003013029,0.013956996,2002,0.011745779,-0.00324006,0.002501992,0.415,-0.00172142,0.5813,-0.030,-0.032400601,0.025,-0.017
Region x Season,Tropical Atlantic,Winter,Maximum_Intensity,-6.64E-04,0.616375003,2002,0.786729254,-6.40E-04,0.002692336,0.608,0.00541681,0.4173,-0.007,-0.006395868,0.027,0.054
Region x Season,Tropical Atlantic,Winter,Cumulative_Intensity,0.465343004,4.65E-08,2001,2.72E-05,0.708639288,0.065608256,0.284,1.361214198,0.0015,4.653,7.08639288,0.656,13.612
Region x Season,Tropical Atlantic,Spring,Number_MHW_days,0.315543087,3.53E-05,2001,7.37E-04,0.492152122,0.023628084,0.820,0.733443279,0.0320,3.155,4.921521224,0.236,7.334
Region x Season,Tropical Atlantic,Spring,Nevents,0.022896165,3.53E-05,2001,5.32E-04,0.027689904,0.004376194,0.673,0.039525465,0.0748,0.229,0.276899044,0.044,0.395
Region x Season,Tropical Atlantic,Spring,Mean_Intensity,-0.003914805,0.002547699,2002,0.013949521,-0.003653642,-0.001125786,0.740,-0.003006921,0.3145,-0.039,-0.036536416,-0.011,-0.030
Region x Season,Tropical Atlantic,Spring,Maximum_Intensity,-0.003292405,0.187983838,1998,0.377655244,-0.002918488,-1.00E-03,0.902,0.001828139,0.8622,-0.033,-0.029184878,-0.010,0.018
Region x Season,Tropical Atlantic,Spring,Cumulative_Intensity,0.366014022,8.62E-05,2001,0.001250857,0.572666801,0.011243228,0.974,0.825805514,0.0372,3.660,5.726668008,0.112,8.258
Region x Season,Eastern Indo-Pacific,Summer,Number_MHW_days,0.309418802,1.05E-04,2001,0.001884355,0.405561199,0.009743504,0.922,0.640757487,0.0372,3.094,4.055611989,0.097,6.408
Region x Season,Eastern Indo-Pacific,Summer,Nevents,0.020034757,6.98E-04,2001,0.002083804,0.019737051,0.001689032,0.871,0.018597282,0.4149,0.200,0.197370512,0.017,0.186
Region x Season,Eastern Indo-Pacific,Summer,Mean_Intensity,-0.001078783,0.40811042,2012,0.906721536,-9.22E-04,7.74E-04,0.734,-0.003339527,0.5915,-0.011,-0.00921828,0.008,-0.033
Region x Season,Eastern Indo-Pacific,Summer,Maximum_Intensity,0.002588319,0.158606077,1995,0.170869902,0.002094745,-0.01557648,0.101,5.52E-04,0.8349,0.026,0.020947448,-0.156,0.006
Region x Season,Eastern Indo-Pacific,Summer,Cumulative_Intensity,0.389714101,2.21E-04,2001,0.003752746,0.528934003,0.015189688,0.974,0.714473318,0.0320,3.897,5.289340026,0.152,7.145
Region x Season,Eastern Indo-Pacific,Autumn,Number_MHW_days,0.283330092,5.28E-05,2001,0.00153752,0.531878555,0.003199607,0.871,1.056086045,0.0201,2.833,5.318785552,0.032,10.561
Region x Season,Eastern Indo-Pacific,Autumn,Nevents,0.020208134,0.001151461,2001,0.005474215,0.020669683,-0.002887246,0.820,0.029081726,0.1742,0.202,0.206696827,-0.029,0.291
Region x Season,Eastern Indo-Pacific,Autumn,Mean_Intensity,-0.002274712,0.04145691,2002,0.235058727,-0.002122485,-0.001257575,0.880,-0.003370228,0.2843,-0.023,-0.021224849,-0.013,-0.034
Region x Season,Eastern Indo-Pacific,Autumn,Maximum_Intensity,-0.001124038,0.583967534,1999,1,-6.62E-04,0.001915027,0.762,2.60E-04,0.9579,-0.011,-0.00662143,0.019,0.003
Region x Season,Eastern Indo-Pacific,Autumn,Cumulative_Intensity,0.33664623,1.68E-04,2001,0.003093543,0.62910864,0.009423429,0.871,1.141377471,0.0497,3.366,6.291086398,0.094,11.414
Region x Season,Eastern Indo-Pacific,Winter,Number_MHW_days,0.351071938,7.36E-07,1998,4.51E-04,0.43179069,0.190026579,0.149,0.661036886,0.0092,3.511,4.317906904,1.900,6.610
Region x Season,Eastern Indo-Pacific,Winter,Nevents,0.024099985,4.68E-06,2001,9.13E-04,0.021824291,0.019613963,0.041,0.02431609,0.1095,0.241,0.218242914,0.196,0.243
Region x Season,Eastern Indo-Pacific,Winter,Mean_Intensity,-0.001475265,0.239293512,2002,0.222181346,-0.00135282,0.005376697,0.110,-9.71E-04,0.5376,-0.015,-0.013528205,0.054,-0.010
Region x Season,Eastern Indo-Pacific,Winter,Maximum_Intensity,5.03E-04,0.806710622,2002,1,-3.43E-04,0.010586521,0.065,0.003130859,0.4957,0.005,-0.003431118,0.106,0.031
Region x Season,Eastern Indo-Pacific,Winter,Cumulative_Intensity,0.364822119,1.68E-06,1998,6.99E-04,0.486620605,0.204229941,0.174,0.66926227,0.0122,3.648,4.866206048,2.042,6.693
Region x Season,Eastern Indo-Pacific,Spring,Number_MHW_days,0.294879955,8.11E-06,2001,2.72E-04,0.30098896,0.035003403,0.626,0.447876961,0.0372,2.949,3.009889604,0.350,4.479
Region x Season,Eastern Indo-Pacific,Spring,Nevents,0.017553543,1.84E-04,2000,5.04E-04,0.016169561,-5.25E-04,1.000,0.010214897,0.2839,0.176,0.161695612,-0.005,0.102
Region x Season,Eastern Indo-Pacific,Spring,Mean_Intensity,-0.001790096,0.126938771,2002,0.176057562,-0.001582105,0.002882309,0.450,-0.001625374,0.7212,-0.018,-0.015821047,0.029,-0.016
Region x Season,Eastern Indo-Pacific,Spring,Maximum_Intensity,-0.001215487,0.753082136,1995,0.830882032,-0.001107497,-0.029669726,0.016,-0.00599741,0.2110,-0.012,-0.011074975,-0.297,-0.060
Region x Season,Eastern Indo-Pacific,Spring,Cumulative_Intensity,0.365718303,2.88E-05,1999,0.001127002,0.366708283,0.002692085,1.000,0.531581205,0.0130,3.657,3.667082835,0.027,5.316
Region x Season,Central Indo-Pacific,Summer,Number_MHW_days,0.338623918,2.98E-06,2000,2.04E-04,0.433612086,0.057727441,0.675,0.674708341,0.0112,3.386,4.336120858,0.577,6.747
Region x Season,Central Indo-Pacific,Summer,Nevents,0.027897317,1.71E-05,1997,3.82E-04,0.028937315,-0.005679411,0.620,0.032733119,0.0235,0.279,0.289373147,-0.057,0.327
Region x Season,Central Indo-Pacific,Summer,Mean_Intensity,-0.002658401,5.39E-04,2006,0.00432947,-0.002438805,-8.89E-04,0.528,-0.002289068,0.3444,-0.027,-0.024388049,-0.009,-0.023
Region x Season,Central Indo-Pacific,Summer,Maximum_Intensity,4.39E-04,0.934998804,1994,0.937759878,-1.19E-04,-0.019803385,0.017,-0.00117589,0.7074,0.004,-0.001185767,-0.198,-0.012
Region x Season,Central Indo-Pacific,Summer,Cumulative_Intensity,0.453454445,4.68E-06,1997,2.72E-04,0.545918237,-0.073357779,0.620,0.70536223,0.0072,4.535,5.45918237,-0.734,7.054
Region x Season,Central Indo-Pacific,Autumn,Number_MHW_days,0.305515629,4.18E-06,1997,1.35E-04,0.44615366,-0.032162001,0.620,0.443699031,0.0142,3.055,4.461536599,-0.322,4.437
Region x Season,Central Indo-Pacific,Autumn,Nevents,0.025997187,3.53E-05,1997,3.41E-04,0.027834033,-0.004372897,0.685,0.027408966,0.0650,0.260,0.278340325,-0.044,0.274
Region x Season,Central Indo-Pacific,Autumn,Mean_Intensity,-0.002061982,0.003451102,2006,0.006890057,-0.002174497,-3.80E-04,0.726,-1.89E-04,0.9641,-0.021,-0.02174497,-0.004,-0.002
Region x Season,Central Indo-Pacific,Autumn,Maximum_Intensity,-4.27E-04,0.735453618,2006,0.816045026,-8.86E-04,0.00258105,0.272,0.003848156,0.6204,-0.004,-0.008862719,0.026,0.038
Region x Season,Central Indo-Pacific,Autumn,Cumulative_Intensity,0.373094415,1.71E-05,1997,2.72E-04,0.528259845,-0.059973066,0.558,0.479618842,0.0299,3.731,5.282598447,-0.600,4.796
Region x Season,Central Indo-Pacific,Winter,Number_MHW_days,0.322416867,2.74E-08,1997,1.62E-05,0.467537544,0.02801857,0.753,0.493878563,0.0016,3.224,4.675375443,0.280,4.939
Region x Season,Central Indo-Pacific,Winter,Nevents,0.027446534,2.16E-07,1997,3.99E-05,0.030510554,-3.07E-04,1.000,0.033385406,0.0047,0.274,0.305105541,-0.003,0.334
Region x Season,Central Indo-Pacific,Winter,Mean_Intensity,-0.00118414,0.078525511,2002,0.034085081,-0.001170069,2.35E-04,0.740,0.001223177,0.3145,-0.012,-0.011700693,0.002,0.012
Region x Season,Central Indo-Pacific,Winter,Maximum_Intensity,0.001668213,0.067367792,2009,0.133626528,0.001865444,-0.001062393,0.514,0.006203714,0.1272,0.017,0.018654435,-0.011,0.062
Region x Season,Central Indo-Pacific,Winter,Cumulative_Intensity,0.407964751,2.74E-08,1997,1.62E-05,0.58331943,0.033947584,0.822,0.558719708,0.0016,4.080,5.833194303,0.339,5.587
Region x Season,Central Indo-Pacific,Spring,Number_MHW_days,0.300953188,8.11E-06,1997,2.72E-04,0.40266523,-0.074701267,0.392,0.462457305,0.0083,3.010,4.026652302,-0.747,4.625
Region x Season,Central Indo-Pacific,Spring,Nevents,0.026435259,3.53E-05,1997,2.72E-04,0.027941023,-0.009081762,0.392,0.034490839,0.0471,0.264,0.279410228,-0.091,0.345
Region x Season,Central Indo-Pacific,Spring,Mean_Intensity,-0.002614828,0.003718462,2000,0.031541332,-0.002464022,-8.45E-04,0.780,-0.002173932,0.2594,-0.026,-0.024640219,-0.008,-0.022
Region x Season,Central Indo-Pacific,Spring,Maximum_Intensity,-3.40E-04,0.78871949,1983,1,-6.49E-04,-0.004122984,1.000,3.83E-04,0.8846,-0.003,-0.006492551,-0.041,0.004
Region x Season,Central Indo-Pacific,Spring,Cumulative_Intensity,0.373195521,1.71E-05,1997,3.05E-04,0.508326459,-0.111892854,0.344,0.5698588,0.0161,3.732,5.083264593,-1.119,5.699
Region x Season,Western Indo-Pacific,Summer,Number_MHW_days,0.319664938,3.34E-06,2004,3.61E-04,0.419041902,0.094720576,0.291,1.049520685,0.0100,3.197,4.190419016,0.947,10.495
Region x Season,Western Indo-Pacific,Summer,Nevents,0.030856361,8.11E-06,2004,5.04E-04,0.029881619,0.012085405,0.316,0.054268487,0.0280,0.309,0.298816194,0.121,0.543
Region x Season,Western Indo-Pacific,Summer,Mean_Intensity,-8.46E-04,0.204097893,2007,0.203895942,-8.52E-04,0.001404377,0.311,-6.97E-04,0.7665,-0.008,-0.008520114,0.014,-0.007
Region x Season,Western Indo-Pacific,Summer,Maximum_Intensity,0.003743495,0.054552843,1996,0.222181346,0.002521169,-0.004602373,0.692,0.002688202,0.4806,0.037,0.025211694,-0.046,0.027
Region x Season,Western Indo-Pacific,Summer,Cumulative_Intensity,0.42529997,4.18E-06,2004,4.51E-04,0.555633035,0.130617923,0.267,1.434009123,0.0124,4.253,5.556330353,1.306,14.340
Region x Season,Western Indo-Pacific,Autumn,Number_MHW_days,0.313788696,4.68E-06,2004,4.51E-04,0.434987133,0.130973497,0.154,0.742892295,0.0582,3.138,4.349871326,1.310,7.429
Region x Season,Western Indo-Pacific,Autumn,Nevents,0.026918767,3.91E-05,1996,23,0.025692725,-0.021838314,0.488,0.036028581,0.0093,0.269,0.256927253,-0.218,0.360
Region x Season,Western Indo-Pacific,Autumn,Mean_Intensity,-0.001570001,0.126938771,2005,0.215950411,-0.001831174,8.62E-04,0.710,-7.15E-04,0.9016,-0.016,-0.018311735,0.009,-0.007
Region x Season,Western Indo-Pacific,Autumn,Maximum_Intensity,0.001238257,0.568066961,1996,1,3.09E-04,-0.01165793,0.553,-8.24E-04,0.8255,0.012,0.003093991,-0.117,-0.008
Region x Season,Western Indo-Pacific,Autumn,Cumulative_Intensity,0.37392325,9.04E-06,2004,7.78E-04,0.554660401,0.172140258,0.154,0.912484807,0.0690,3.739,5.546604007,1.721,9.125
Region x Season,Western Indo-Pacific,Winter,Number_MHW_days,0.295589453,4.18E-06,2005,2.72E-04,0.394805271,0.071130754,0.264,0.619402193,0.0435,2.956,3.948052707,0.711,6.194
Region x Season,Western Indo-Pacific,Winter,Nevents,0.023541868,3.19E-05,2004,7.78E-04,0.02443301,0.008026423,0.342,0.036448454,0.0956,0.235,0.244330101,0.080,0.364
Region x Season,Western Indo-Pacific,Winter,Mean_Intensity,-0.001070326,0.078525511,2001,0.151326393,-7.52E-04,0.002417588,0.230,-0.002102697,0.2389,-0.011,-0.007523135,0.024,-0.021
Region x Season,Western Indo-Pacific,Winter,Maximum_Intensity,8.92E-04,0.700619648,1985,1,7.50E-04,0.007826554,1.000,0.001959853,0.2552,0.009,0.007498109,0.078,0.020
Region x Season,Western Indo-Pacific,Winter,Cumulative_Intensity,0.335837378,7.27E-06,2005,3.82E-04,0.449503485,0.088544047,0.309,0.714607797,0.0435,3.358,4.495034849,0.885,7.146
Region x Season,Western Indo-Pacific,Spring,Number_MHW_days,0.357034227,1.33E-06,2004,25,0.487179053,0.080414024,0.369,1.127971156,0.0080,3.570,4.871790528,0.804,11.280
Region x Season,Western Indo-Pacific,Spring,Nevents,0.028367333,1.01E-05,2001,4.77E-04,0.02635405,8.43E-04,0.974,0.043410058,0.0050,0.284,0.263540504,0.008,0.434
Region x Season,Western Indo-Pacific,Spring,Mean_Intensity,-0.00235443,0.008754819,2001,0.004539113,-0.00227969,0.002161935,0.456,-7.99E-04,0.7398,-0.024,-0.022796896,0.022,-0.008
Region x Season,Western Indo-Pacific,Spring,Maximum_Intensity,2.54E-05,0.972117136,1985,0.661291765,8.19E-05,-0.022546797,0.734,0.001406154,0.2552,0.000,8.19E-04,-0.225,0.014
Region x Season,Western Indo-Pacific,Spring,Cumulative_Intensity,0.417963823,1.18E-06,2004,1.61E-04,0.595520415,0.094230223,0.245,1.294346632,0.0124,4.180,5.955204151,0.942,12.943
Region x Season,Tropical Eastern Pacific,Summer,Number_MHW_days,0.159332705,0.009371916,1996,0.057472053,0.185556406,-0.165205432,0.488,0.219276158,0.2011,1.593,1.85556406,-1.652,2.193
Region x Season,Tropical Eastern Pacific,Summer,Nevents,0.015495354,0.013076818,1996,0.049684303,0.016759669,-0.032662885,0.373,0.018050542,0.2704,0.155,0.16759669,-0.327,0.181
Region x Season,Tropical Eastern Pacific,Summer,Mean_Intensity,-0.001021426,0.50662057,1984,37,-0.00271591,-0.078452972,1.000,2.31E-04,0.9000,-0.010,-0.027159099,-0.785,0.002
Region x Season,Tropical Eastern Pacific,Summer,Maximum_Intensity,1.29E-04,0.99070403,1984,0.816045026,-0.004945299,-0.200942647,1.000,0.003445434,0.3654,0.001,-0.049452991,-2.009,0.034
Region x Season,Tropical Eastern Pacific,Summer,Cumulative_Intensity,0.22121517,0.010723676,1996,0.071109833,0.133423453,-0.218813398,0.488,0.271884602,0.2011,2.212,1.334234527,-2.188,2.719
Region x Season,Tropical Eastern Pacific,Autumn,Number_MHW_days,0.173185973,0.007115518,1996,0.087406277,0.287361573,-0.029310641,0.621,0.370844078,0.0939,1.732,2.87361573,-0.293,3.708
Region x Season,Tropical Eastern Pacific,Autumn,Nevents,0.016994051,0.007628452,2011,0.084490083,0.017308555,0.004753683,0.372,0.019210933,0.8763,0.170,0.173085551,0.048,0.192
Region x Season,Tropical Eastern Pacific,Autumn,Mean_Intensity,-0.00463351,0.043838787,2011,0.284652265,-0.005447127,-0.001916348,0.721,-0.017263239,0.3502,-0.046,-0.054471271,-0.019,-0.173
Region x Season,Tropical Eastern Pacific,Autumn,Maximum_Intensity,-0.005768335,0.158606077,2002,0.816045026,-0.008416062,-9.20E-04,0.928,-0.009295679,0.3145,-0.058,-0.084160617,-0.009,-0.093
Region x Season,Tropical Eastern Pacific,Autumn,Cumulative_Intensity,0.20130402,0.011462469,1996,0.099929959,0.294055695,-0.04877964,0.621,0.446196838,0.1457,2.013,2.940556946,-0.488,4.462
Region x Season,Tropical Eastern Pacific,Winter,Number_MHW_days,0.158068262,0.009371916,2013,0.05543276,0.216255615,0.035451816,0.593,-0.177611598,1.0000,1.581,2.162556149,0.355,-1.776
Region x Season,Tropical Eastern Pacific,Winter,Nevents,0.014500155,0.010027526,2013,0.059575471,0.015151021,0.004880989,0.549,-0.042654125,0.7545,0.145,0.151510211,0.049,-0.427
Region x Season,Tropical Eastern Pacific,Winter,Mean_Intensity,0.002332205,0.448859821,2001,0.426311693,7.44E-04,-0.010389976,0.206,-0.001258235,0.9278,0.023,0.007442687,-0.104,-0.013
Region x Season,Tropical Eastern Pacific,Winter,Maximum_Intensity,0.003413022,0.31075456,2006,0.377655244,-7.17E-04,-0.003341241,0.624,-0.006030432,0.5584,0.034,-0.007171095,-0.033,-0.060
Region x Season,Tropical Eastern Pacific,Winter,Cumulative_Intensity,0.231213171,0.015875547,2013,0.090406584,0.200841197,0.063605821,0.593,-0.853851891,0.9170,2.312,2.00841197,0.636,-8.539
Region x Season,Tropical Eastern Pacific,Spring,Number_MHW_days,0.099926294,0.121240532,2001,0.387062193,0.174756593,-0.056417624,0.770,0.28969209,0.4149,0.999,1.747565926,-0.564,2.897
Region x Season,Tropical Eastern Pacific,Spring,Nevents,0.009186038,0.158606077,2001,0.284652265,0.010122995,-0.012772907,0.456,0.016299209,0.6077,0.092,0.101229946,-0.128,0.163
Region x Season,Tropical Eastern Pacific,Spring,Mean_Intensity,-7.99E-04,0.735453618,1995,1,-7.06E-04,-0.018737812,0.324,-0.008293793,0.2430,-0.008,-0.007056127,-0.187,-0.083
Region x Season,Tropical Eastern Pacific,Spring,Maximum_Intensity,-1.34E-04,0.972117136,1983,1,-0.003283833,0.410231986,1.000,0.001511123,0.7348,-0.001,-0.032838334,4.102,0.015
Region x Season,Tropical Eastern Pacific,Spring,Cumulative_Intensity,0.12738284,0.212521935,2001,0.512633413,0.112900127,-0.098571268,0.673,0.22922887,0.5661,1.274,1.129001273,-0.986,2.292
Region x Season,Temperate South America,Summer,Number_MHW_days,0.138512083,0.04145691,2004,0.03971729,0.120637942,-0.153767726,0.398,0.12319787,0.5445,1.385,1.206379422,-1.538,1.232
Region x Season,Temperate South America,Summer,Nevents,0.005917844,0.212521935,2004,0.099929959,0.007764623,-0.011338709,0.154,-0.003176636,0.8202,0.059,0.077646227,-0.113,-0.032
Region x Season,Temperate South America,Summer,Mean_Intensity,0.005037701,0.016919054,2007,0.017223389,0.003661989,9.08E-04,0.791,-0.004648794,0.3223,0.050,0.036619893,0.009,-0.046
Region x Season,Temperate South America,Summer,Maximum_Intensity,0.010497036,0.003201354,2007,0.002542682,0.008521131,0.002377549,0.791,-0.00948709,0.4884,0.105,0.08521131,0.024,-0.095
Region x Season,Temperate South America,Summer,Cumulative_Intensity,0.254515489,0.048950239,2004,0.031541332,0.21968503,-0.284942809,0.291,0.213194449,0.6494,2.545,2.196850304,-2.849,2.132
Region x Season,Temperate South America,Autumn,Number_MHW_days,0.204236548,0.001300344,2003,0.049684303,0.27169742,0.096222343,0.367,0.428862731,0.0802,2.042,2.716974202,0.962,4.289
Region x Season,Temperate South America,Autumn,Nevents,0.011764628,0.015368381,1996,0.241708324,0.011161865,8.21E-04,1.000,0.013570921,0.1583,0.118,0.111618647,0.008,0.136
Region x Season,Temperate South America,Autumn,Mean_Intensity,0.006114902,0.032038025,2006,0.078903022,0.005663904,0.002272965,0.691,-0.003973151,0.7526,0.061,0.056639037,0.023,-0.040
Region x Season,Temperate South America,Autumn,Maximum_Intensity,0.012645779,0.003580246,2006,0.015839199,0.012080758,0.005061117,0.559,0.003362443,0.7526,0.126,0.120807584,0.051,0.034
Region x Season,Temperate South America,Autumn,Cumulative_Intensity,0.34101024,0.001300344,2003,0.046144907,0.382353939,0.124233199,0.430,0.826938054,0.0589,3.410,3.823539393,1.242,8.269
Region x Season,Temperate South America,Winter,Number_MHW_days,0.168689739,0.014409747,2013,0.093492776,0.130748547,0.022722358,0.661,0.936875521,0.4655,1.687,1.307485467,0.227,9.369
Region x Season,Temperate South America,Winter,Nevents,0.011162604,0.053088171,2014,0.269747902,0.007551026,0.001484151,0.816,0.055111688,0.3865,0.112,0.075510258,0.015,0.551
Region x Season,Temperate South America,Winter,Mean_Intensity,0.001884548,0.455838492,2006,0.35039924,0.002490746,-0.002596446,0.624,-0.017137083,0.0957,0.019,0.024907464,-0.026,-0.171
Region x Season,Temperate South America,Winter,Maximum_Intensity,0.005799885,0.155164858,2000,0.125431039,0.005148233,-0.012212098,0.263,0.00269593,1.0000,0.058,0.05148233,-0.122,0.027
Region x Season,Temperate South America,Winter,Cumulative_Intensity,0.26676192,0.017455395,2013,0.156034836,0.148963845,0.043457589,0.593,0.537171372,0.2515,2.668,1.489638445,0.435,5.372
Region x Season,Temperate South America,Spring,Number_MHW_days,0.084365249,0.067367792,2013,0.133626528,0.098231678,-0.013761429,0.833,0.464340664,0.4655,0.844,0.982316782,-0.138,4.643
Region x Season,Temperate South America,Spring,Nevents,0.001990836,0.568066961,2013,0.535836613,0.002048496,-0.004579229,0.307,0.0138385,0.9170,0.020,0.020484956,-0.046,0.138
Region x Season,Temperate South America,Spring,Mean_Intensity,0.00393691,0.034958632,2006,0.021168586,0.004339433,-0.001497855,0.691,-0.004700394,0.6853,0.039,0.043394334,-0.015,-0.047
Region x Season,Temperate South America,Spring,Maximum_Intensity,0.008338048,0.026057912,2006,0.017955279,0.008191561,-0.003830819,0.559,0.001439381,0.8926,0.083,0.081915613,-0.038,0.014
Region x Season,Temperate South America,Spring,Cumulative_Intensity,0.169113863,0.019188017,2010,0.057472053,0.170052331,-0.012361076,0.896,1.071627795,0.1148,1.691,1.700523312,-0.124,10.716
Region x Season,Temperate Southern Africa,Summer,Number_MHW_days,0.321831003,6.53E-07,1998,2.90E-05,0.340989607,0.142957918,0.108,0.27736667,0.1303,3.218,3.409896069,1.430,2.774
Region x Season,Temperate Southern Africa,Summer,Nevents,0.027484525,2.30E-07,1998,1.97E-05,0.02755339,0.015673256,0.053,0.021989573,0.1123,0.275,0.275533901,0.157,0.220
Region x Season,Temperate Southern Africa,Summer,Mean_Intensity,0.00256273,0.158606077,2007,0.203895942,0.001871329,-0.001397813,0.597,-0.001545049,0.9212,0.026,0.018713293,-0.014,-0.015
Region x Season,Temperate Southern Africa,Summer,Maximum_Intensity,0.009235554,0.001591662,2006,0.011745779,0.008937423,0.002395369,0.624,0.009487711,0.3444,0.092,0.089374231,0.024,0.095
Region x Season,Temperate Southern Africa,Summer,Cumulative_Intensity,0.615164314,9.34E-07,2001,3.99E-05,0.671022018,0.292587192,0.056,0.631487959,0.2639,6.152,6.710220176,2.926,6.315
Region x Season,Temperate Southern Africa,Autumn,Number_MHW_days,0.197552977,0.00140998,2009,0.03971729,0.242164643,0.084800579,0.277,0.727093845,0.1606,1.976,2.421646427,0.848,7.271
Region x Season,Temperate Southern Africa,Autumn,Nevents,0.014543991,4.14E-04,1998,0.005474215,0.016275759,-0.005446748,0.650,0.01902403,0.0371,0.145,0.162757589,-0.054,0.190
Region x Season,Temperate Southern Africa,Autumn,Mean_Intensity,0.002684209,0.176499549,2005,0.457459815,0.002191303,0.001676189,0.823,-0.004793109,0.6505,0.027,0.021913031,0.017,-0.048
Region x Season,Temperate Southern Africa,Autumn,Maximum_Intensity,0.006695805,0.098013943,2006,0.203895942,0.004962479,-3.67E-04,0.944,-1.77E-04,1.0000,0.067,0.049624791,-0.004,-0.002
Region x Season,Temperate Southern Africa,Autumn,Cumulative_Intensity,0.341308112,0.002267334,2009,0.049684303,0.433162883,0.124333538,0.333,1.386256301,0.1606,3.413,4.331628832,1.243,13.863
Region x Season,Temperate Southern Africa,Winter,Number_MHW_days,0.197172222,0.001792069,2004,0.012265079,0.239688781,0.034594686,0.792,0.475613858,0.1727,1.972,2.396887809,0.346,4.756
Region x Season,Temperate Southern Africa,Winter,Nevents,0.012169935,0.003580246,1997,0.015185229,0.012813268,-0.015640767,0.163,0.016290169,0.0798,0.122,0.128132684,-0.156,0.163
Region x Season,Temperate Southern Africa,Winter,Mean_Intensity,0.006332484,0.001104298,2002,0.025898761,0.006403847,0.00695189,0.194,0.00478539,0.3810,0.063,0.064038472,0.070,0.048
Region x Season,Temperate Southern Africa,Winter,Maximum_Intensity,0.012855889,1.76E-04,2006,0.006582661,0.012997658,0.008450344,0.129,0.011305126,0.4995,0.129,0.12997658,0.085,0.113
Region x Season,Temperate Southern Africa,Winter,Cumulative_Intensity,0.315160445,9.36E-04,2004,0.011246408,0.426209732,0.079152332,0.561,0.74753182,0.1727,3.152,4.262097316,0.792,7.475
Region x Season,Temperate Southern Africa,Spring,Number_MHW_days,0.144199091,0.004637351,2002,0.011745779,0.169640997,-0.017394647,0.740,0.203720934,0.2300,1.442,1.696409966,-0.174,2.037
Region x Season,Temperate Southern Africa,Spring,Nevents,0.010398983,0.019786863,2002,0.018714846,0.010640574,-0.004733074,0.566,0.006672486,0.7212,0.104,0.106405744,-0.047,0.067
Region x Season,Temperate Southern Africa,Spring,Mean_Intensity,0.004726324,0.016919054,2003,0.07363152,0.004902392,0.001454105,0.910,0.00360756,0.4011,0.047,0.04902392,0.015,0.036
Region x Season,Temperate Southern Africa,Spring,Maximum_Intensity,0.009875561,0.001469032,2003,0.011246408,0.009495946,0.006640857,0.463,0.008705841,0.4415,0.099,0.094959461,0.066,0.087
Region x Season,Temperate Southern Africa,Spring,Cumulative_Intensity,0.266309289,0.001355162,2002,0.005734042,0.312551272,0.020096529,0.928,0.317920463,0.2561,2.663,3.125512719,0.201,3.179
Region x Season,Temperate Australasia,Summer,Number_MHW_days,0.34103033,5.78E-07,1997,9.45E-05,0.372497603,-0.08555121,0.499,0.449019929,0.0016,3.410,3.724976031,-0.856,4.490
Region x Season,Temperate Australasia,Summer,Nevents,0.024963981,5.12E-07,2004,1.00E-04,0.025510084,0.010237726,0.205,0.041449629,0.0080,0.250,0.255100838,0.102,0.414
Region x Season,Temperate Australasia,Summer,Mean_Intensity,0.002368954,0.082563101,2009,0.133626528,0.002572761,-0.001327614,0.621,0.005157438,0.5022,0.024,0.025727612,-0.013,0.052
Region x Season,Temperate Australasia,Summer,Maximum_Intensity,0.008700768,0.005757261,2008,0.005734042,0.009361832,-0.001217042,0.835,0.007920295,0.7426,0.087,0.093618322,-0.012,0.079
Region x Season,Temperate Australasia,Summer,Cumulative_Intensity,0.627160247,1.33E-06,1997,1.35E-04,0.700325413,-0.203344825,0.392,0.881974833,0.0022,6.272,7.003254132,-2.033,8.820
Region x Season,Temperate Australasia,Autumn,Number_MHW_days,0.392609627,1.18E-05,1997,1.13E-04,0.506972915,-0.044629536,0.753,0.448534514,0.0650,3.926,5.069729154,-0.446,4.485
Region x Season,Temperate Australasia,Autumn,Nevents,0.022871335,3.03E-05,1997,1.81E-04,0.024293001,-0.00544316,0.558,0.016149206,0.0798,0.229,0.242930013,-0.054,0.161
Region x Season,Temperate Australasia,Autumn,Mean_Intensity,3.34E-04,0.833876179,2007,0.622041069,5.74E-04,-0.004406231,0.064,4.83E-04,1.0000,0.003,0.00573914,-0.044,0.005
Region x Season,Temperate Australasia,Autumn,Maximum_Intensity,0.005034046,0.059080245,2006,0.017223389,0.006640336,-0.008778665,0.183,0.003328365,0.7526,0.050,0.066403357,-0.088,0.033
Region x Season,Temperate Australasia,Autumn,Cumulative_Intensity,0.619300286,3.03E-05,1997,1.44E-04,0.792019027,-0.084451397,0.558,0.698203187,0.0973,6.193,7.920190272,-0.845,6.982
Region x Season,Temperate Australasia,Winter,Number_MHW_days,0.346093888,6.12E-05,1997,8.89E-05,0.411994327,-0.03288107,0.753,0.128313114,0.3875,3.461,4.119943267,-0.329,1.283
Region x Season,Temperate Australasia,Winter,Nevents,0.021251247,1.76E-04,1997,1.00E-04,0.023162954,-0.00314642,0.822,0.003515707,0.7261,0.213,0.231629535,-0.031,0.035
Region x Season,Temperate Australasia,Winter,Mean_Intensity,6.79E-04,0.470040488,2005,0.341633261,0.001219946,-0.002004725,0.309,-7.33E-04,0.4838,0.007,0.012199461,-0.020,-0.007
Region x Season,Temperate Australasia,Winter,Maximum_Intensity,0.004934155,0.009053987,2005,0.016518311,0.005863867,5.02E-04,0.901,0.002583455,0.9016,0.049,0.058638671,0.005,0.026
Region x Season,Temperate Australasia,Winter,Cumulative_Intensity,0.4647277,7.44E-05,1997,7.88E-05,0.547520828,-0.037371215,0.822,0.242497788,0.4982,4.647,5.475208277,-0.374,2.425
Region x Season,Temperate Australasia,Spring,Number_MHW_days,0.258092298,2.42E-04,1997,8.21E-04,0.298852235,-0.094769715,0.344,0.263759975,0.1412,2.581,2.988522348,-0.948,2.638
Region x Season,Temperate Australasia,Spring,Nevents,0.018526728,0.001469032,1997,0.00153752,0.019206826,-0.009074033,0.300,0.010813635,0.4691,0.185,0.192068258,-0.091,0.108
Region x Season,Temperate Australasia,Spring,Mean_Intensity,0.001385782,0.289033543,2006,0.106732232,0.002130307,-0.005153641,0.034,0.005323242,0.3923,0.014,0.021303073,-0.052,0.053
Region x Season,Temperate Australasia,Spring,Maximum_Intensity,0.006397355,0.03112731,2006,0.010766299,0.008228237,-0.004327448,0.252,0.006638655,0.6204,0.064,0.082282374,-0.043,0.066
Region x Season,Temperate Australasia,Spring,Cumulative_Intensity,0.393794682,5.88E-04,1997,0.001250857,0.450294139,-0.135295204,0.224,0.407658889,0.1831,3.938,4.502941386,-1.353,4.077
Region x Season,Southern Ocean,Summer,Number_MHW_days,-0.092366808,0.015875547,1997,0.090406584,-0.075954031,0.031990712,0.964,-0.107186449,0.2723,-0.924,-0.759540311,0.320,-1.072
Region x Season,Southern Ocean,Summer,Nevents,-0.009394778,6.41E-04,1993,0.011246408,-0.009777439,0.013998222,0.451,-0.008646399,0.0747,-0.094,-0.097774392,0.140,-0.086
Region x Season,Southern Ocean,Summer,Mean_Intensity,0.001007019,0.435026428,2016,0.121490417,0.002811527,-0.001470438,0.140,0.020188594,0.7071,0.010,0.02811527,-0.015,0.202
Region x Season,Southern Ocean,Summer,Maximum_Intensity,7.29E-04,0.717963344,2016,0.146733186,0.003061614,-0.004502191,0.057,0.039076958,0.7071,0.007,0.030616143,-0.045,0.391
Region x Season,Southern Ocean,Summer,Cumulative_Intensity,-0.088835153,0.054552843,1993,0.110274822,-0.057830754,0.4008617,0.244,-0.054694847,0.5609,-0.888,-0.578307544,4.009,-0.547
Region x Season,Southern Ocean,Autumn,Number_MHW_days,-0.059135345,0.059080245,1995,0.146733186,-0.021355618,0.03573874,0.827,-0.025832812,0.8025,-0.591,-0.213556184,0.357,-0.258
Region x Season,Southern Ocean,Autumn,Nevents,-0.007596705,0.002179335,1994,0.0103048,-0.006888301,0.003472656,0.541,-0.004233525,0.2951,-0.076,-0.068883006,0.035,-0.042
Region x Season,Southern Ocean,Autumn,Mean_Intensity,0.007805365,4.33E-04,2005,26,0.008214851,-0.003812924,0.107,0.021115878,0.0058,0.078,0.082148514,-0.038,0.211
Region x Season,Southern Ocean,Autumn,Maximum_Intensity,0.010416111,7.27E-04,2005,4.51E-04,0.010614296,-0.007407516,0.078,0.029647881,0.0020,0.104,0.106142957,-0.074,0.296
Region x Season,Southern Ocean,Autumn,Cumulative_Intensity,0.018695357,0.470040488,2008,0.151326393,0.054215689,-0.05909204,0.033,0.065906514,0.5841,0.187,0.542156889,-0.591,0.659
Region x Season,Southern Ocean,Winter,Number_MHW_days,-0.159054633,3.04E-04,2006,1.71E-04,-0.173231352,-0.029873565,0.591,0.107807895,0.3923,-1.591,-1.732313516,-0.299,1.078
Region x Season,Southern Ocean,Winter,Nevents,-0.013991843,3.71E-05,2005,5.45E-05,-0.015743597,-0.001828914,0.673,-0.002987325,0.6505,-0.140,-0.157435973,-0.018,-0.030
Region x Season,Southern Ocean,Winter,Mean_Intensity,0.0110965,1.10E-04,2005,6.82E-06,0.013177345,-0.002789808,0.087,0.021755814,0.0529,0.111,0.131773449,-0.028,0.218
Region x Season,Southern Ocean,Winter,Maximum_Intensity,0.015659086,1.21E-04,2005,5.95E-06,0.018662728,-0.003978194,0.078,0.03023779,0.0638,0.157,0.186627285,-0.040,0.302
Region x Season,Southern Ocean,Winter,Cumulative_Intensity,0.019676606,0.155164858,2008,0.05543276,0.028909752,-0.02847571,0.095,0.07362236,0.3244,0.197,0.289097517,-0.285,0.736
Region x Season,Southern Ocean,Spring,Number_MHW_days,-0.152661959,5.39E-04,2005,1.42E-05,-0.150868538,0.077368194,0.107,-0.096386805,0.4338,-1.527,-1.508685376,0.774,-0.964
Region x Season,Southern Ocean,Spring,Nevents,-0.014430604,1.53E-04,2005,3.67E-06,-0.014768125,0.005335304,0.118,-0.008733738,0.3031,-0.144,-0.147681248,0.053,-0.087
Region x Season,Southern Ocean,Spring,Mean_Intensity,0.014338693,8.11E-06,2005,2.40E-05,0.015657124,-0.002406083,0.413,0.036213306,0.0008,0.143,0.156571238,-0.024,0.362
Region x Season,Southern Ocean,Spring,Maximum_Intensity,0.019701022,1.12E-05,2005,4.52E-05,0.020440738,-0.003582622,0.442,0.049899624,0.0006,0.197,0.204407384,-0.036,0.499
Region x Season,Southern Ocean,Spring,Cumulative_Intensity,-0.007446535,0.666404183,2002,0.674671314,0.005969689,0.048523301,0.156,0.019800031,0.6732,-0.074,0.059696894,0.485,0.198
